,test_index,Target
0,6567,True
1,6568,True
2,6569,True
3,6570,True
4,6571,True
5,6572,True
6,6573,True
7,6574,True
8,6575,True
9,6576,True
10,6577,True
11,6578,True
12,6579,True
13,6580,True
14,6581,True
15,6582,True
16,6583,True
17,6584,True
18,6585,True
19,6586,True
20,6587,True
21,6588,True
22,6589,True
23,6590,True
24,6591,True
25,6592,True
26,6593,True
27,6594,True
28,6595,True
29,6596,True
30,6597,True
31,6598,False
32,6599,False
33,6600,False
34,6601,False
35,6602,False
36,6603,False
37,6604,False
38,6605,False
39,6606,False
40,6607,False
41,6608,False
42,6609,False
43,6610,False
44,6611,False
45,6612,True
46,6613,True
47,6614,True
48,6615,True
49,6616,True
50,6617,True
51,6618,True
52,6619,True
53,6620,True
54,6621,True
55,6622,True
56,6623,True
57,6624,True
58,6625,True
59,6626,True
60,6627,True
61,6628,True
62,6629,True
63,6630,True
64,6631,True
65,6632,True
66,6633,True
67,6634,True
68,6635,True
69,6636,True
70,6637,True
71,6638,True
72,6639,True
73,6640,True
74,6641,True
75,6642,True
76,6643,True
77,6644,False
78,6645,False
79,6646,False
80,6647,False
81,6648,False
82,6649,False
83,6650,True
84,6651,True
85,6652,True
86,6653,True
87,6654,True
88,6655,True
89,6656,True
90,6657,True
91,6658,True
92,6659,True
93,6660,True
94,6661,True
95,6662,True
96,6663,True
97,6664,True
98,6665,False
99,6666,True
100,6667,True
101,6668,True
102,6669,True
103,6670,True
104,6671,True
105,6672,True
106,6673,True
107,6674,False
108,6675,False
109,6676,False
110,6677,False
111,6678,False
112,6679,False
113,6680,True
114,6681,True
115,6682,True
116,6683,True
117,6684,True
118,6685,True
119,6686,True
120,6687,True
121,6688,True
122,6689,False
123,6690,True
124,6691,True
125,6692,True
126,6693,True
127,6694,True
128,6695,True
129,6696,True
130,6697,True
131,6698,True
132,6699,True
133,6700,True
134,6701,True
135,6702,True
136,6703,True
137,6704,True
138,6705,True
139,6706,True
140,6707,True
141,6708,True
142,6709,True
143,6710,True
144,6711,True
145,6712,True
146,6713,True
147,6714,True
148,6715,True
149,6716,False
150,6717,True
151,6718,True
152,6719,True
153,6720,True
154,6721,True
155,6722,True
156,6723,True
157,6724,True
158,6725,False
159,6726,False
160,6727,False
161,6728,False
162,6729,False
163,6730,True
164,6731,True
165,6732,True
166,6733,True
167,6734,True
168,6735,True
169,6736,True
170,6737,True
171,6738,True
172,6739,True
173,6740,True
174,6741,True
175,6742,True
176,6743,True
177,6744,False
178,6745,False
179,6746,False
180,6747,False
181,6748,False
182,6749,False
183,6750,False
184,6751,False
185,6752,False
186,6753,False
187,6754,False
188,6755,False
189,6756,False
190,6757,False
191,6758,False
192,6759,False
193,6760,False
194,6761,False
195,6762,False
196,6763,False
197,6764,False
198,6765,False
199,6766,True
200,6767,True
201,6768,True
202,6769,True
203,6770,True
204,6771,True
205,6772,True
206,6773,True
207,6774,False
208,6775,True
209,6776,True
210,6777,True
211,6778,True
212,6779,True
213,6780,True
214,6781,True
215,6782,True
216,6783,False
217,6784,False
218,6785,False
219,6786,False
220,6787,False
221,6788,False
222,6789,True
223,6790,True
224,6791,True
225,6792,True
226,6793,True
227,6794,True
228,6795,True
229,6796,True
230,6797,False
231,6798,False
232,6799,False
233,6800,False
234,6801,False
235,6802,False
236,6803,False
237,6804,True
238,6805,True
239,6806,True
240,6807,True
241,6808,True
242,6809,True
243,6810,True
244,6811,True
245,6812,True
246,6813,True
247,6814,True
248,6815,True
249,6816,True
250,6817,True
251,6818,True
252,6819,True
253,6820,True
254,6821,True
255,6822,False
256,6823,False
257,6824,False
258,6825,False
259,6826,True
260,6827,True
261,6828,True
262,6829,True
263,6830,True
264,6831,False
265,6832,False
266,6833,False
267,6834,False
268,6835,True
269,6836,True
270,6837,True
271,6838,True
272,6839,True
273,6840,True
274,6841,True
275,6842,True
276,6843,False
277,6844,True
278,6845,True
279,6846,True
280,6847,True
281,6848,True
282,6849,True
283,6850,True
284,6851,False
285,6852,False
286,6853,False
287,6854,False
288,6855,False
289,6856,False
290,6857,False
291,6858,False
292,6859,False
293,6860,False
294,6861,True
295,6862,True
296,6863,True
297,6864,True
298,6865,True
299,6866,True
300,6867,True
301,6868,True
302,6869,True
303,6870,False
304,6871,False
305,6872,False
306,6873,True
307,6874,True
308,6875,True
309,6876,True
310,6877,True
311,6878,True
312,6879,False
313,6880,False
314,6881,False
315,6882,True
316,6883,True
317,6884,True
318,6885,True
319,6886,True
320,6887,True
321,6888,True
322,6889,True
323,6890,False
324,6891,False
325,6892,False
326,6893,False
327,6894,False
328,6895,False
329,6896,False
330,6897,False
331,6898,True
332,6899,True
333,6900,True
334,6901,True
335,6902,True
336,6903,True
337,6904,True
338,6905,True
339,6906,True
340,6907,True
341,6908,True
342,6909,True
343,6910,True
344,6911,False
345,6912,False
346,6913,True
347,6914,True
348,6915,True
349,6916,True
350,6917,True
351,6918,False
352,6919,False
353,6920,False
354,6921,False
355,6922,False
356,6923,True
357,6924,True
358,6925,True
359,6926,True
360,6927,True
361,6928,True
362,6929,True
363,6930,True
364,6931,True
365,6932,True
366,6933,True
367,6934,True
368,6935,True
369,6936,True
370,6937,True
371,6938,True
372,6939,True
373,6940,True
374,6941,True
375,6942,True
376,6943,True
377,6944,True
378,6945,True
379,6946,True
380,6947,True
381,6948,True
382,6949,True
383,6950,True
384,6951,True
385,6952,True
386,6953,True
387,6954,True
388,6955,False
389,6956,False
390,6957,False
391,6958,False
392,6959,True
393,6960,True
394,6961,True
395,6962,True
396,6963,True
397,6964,True
398,6965,True
399,6966,True
400,6967,True
401,6968,True
402,6969,True
403,6970,True
404,6971,True
405,6972,True
406,6973,True
407,6974,True
408,6975,True
409,6976,False
410,6977,False
411,6978,False
412,6979,False
413,6980,False
414,6981,False
415,6982,False
416,6983,False
417,6984,False
418,6985,False
419,6986,False
420,6987,True
421,6988,True
422,6989,True
423,6990,True
424,6991,True
425,6992,True
426,6993,True
427,6994,True
428,6995,True
429,6996,True
430,6997,True
431,6998,True
432,6999,True
433,7000,True
434,7001,True
435,7002,True
436,7003,True
437,7004,True
438,7005,True
439,7006,True
440,7007,True
441,7008,True
442,7009,True
443,7010,True
444,7011,True
445,7012,True
446,7013,True
447,7014,True
448,7015,True
449,7016,True
450,7017,True
451,7018,True
452,7019,True
453,7020,False
454,7021,False
455,7022,False
456,7023,False
457,7024,True
458,7025,True
459,7026,True
460,7027,True
461,7028,True
462,7029,True
463,7030,True
464,7031,True
465,7032,True
466,7033,True
467,7034,True
468,7035,True
469,7036,True
470,7037,True
471,7038,True
472,7039,True
473,7040,True
474,7041,True
475,7042,True
476,7043,True
477,7044,True
478,7045,True
479,7046,True
480,7047,True
481,7048,True
482,7049,True
483,7050,True
484,7051,True
485,7052,True
486,7053,True
487,7054,True
488,7055,True
489,7056,True
490,7057,True
491,7058,True
492,7059,True
493,7060,True
494,7061,True
495,7062,True
496,7063,True
497,7064,True
498,7065,True
499,7066,True
500,7067,True
501,7068,True
502,7069,True
503,7070,True
504,7071,True
505,7072,True
506,7073,True
507,7074,True
508,7075,True
509,7076,True
510,7077,True
511,7078,True
512,7079,True
513,7080,True
514,7081,True
515,7082,False
516,7083,False
517,7084,False
518,7085,False
519,7086,False
520,7087,False
521,7088,False
522,7089,False
523,7090,False
524,7091,False
525,7092,False
526,7093,False
527,7094,False
528,7095,False
529,7096,False
530,7097,False
531,7098,False
532,7099,False
533,7100,False
534,7101,False
535,7102,False
536,7103,False
537,7104,False
538,7105,False
539,7106,True
540,7107,True
541,7108,True
542,7109,True
543,7110,True
544,7111,True
545,7112,True
546,7113,True
547,7114,True
548,7115,True
549,7116,True
550,7117,True
551,7118,True
552,7119,True
553,7120,True
554,7121,True
555,7122,True
556,7123,True
557,7124,True
558,7125,True
559,7126,True
560,7127,True
561,7128,True
562,7129,True
563,7130,True
564,7131,True
565,7132,True
566,7133,True
567,7134,True
568,7135,True
569,7136,True
570,7137,True
571,7138,True
572,7139,True
573,7140,False
574,7141,False
575,7142,False
576,7143,False
577,7144,False
578,7145,False
579,7146,False
580,7147,False
581,7148,False
582,7149,True
583,7150,True
584,7151,True
585,7152,True
586,7153,True
587,7154,True
588,7155,True
589,7156,True
590,7157,True
591,7158,True
592,7159,True
593,7160,True
594,7161,True
595,7162,True
596,7163,True
597,7164,True
598,7165,True
599,7166,True
600,7167,True
601,7168,True
602,7169,True
603,7170,True
604,7171,True
605,7172,True
606,7173,True
607,7174,True
608,7175,True
609,7176,True
610,7177,True
611,7178,True
612,7179,True
613,7180,True
614,7181,True
615,7182,True
616,7183,True
617,7184,True
618,7185,True
619,7186,True
620,7187,True
621,7188,True
622,7189,True
623,7190,False
624,7191,False
625,7192,False
626,7193,False
627,7194,False
628,7195,False
629,7196,False
630,7197,False
631,7198,False
632,7199,False
633,7200,False
634,7201,False
635,7202,False
636,7203,False
637,7204,True
638,7205,True
639,7206,True
640,7207,True
641,7208,True
642,7209,True
643,7210,False
644,7211,False
645,7212,False
646,7213,False
647,7214,True
648,7215,True
649,7216,True
650,7217,True
651,7218,True
652,7219,True
653,7220,True
654,7221,True
655,7222,True
656,7223,True
657,7224,True
658,7225,True
659,7226,True
660,7227,True
661,7228,True
662,7229,True
663,7230,True
664,7231,True
665,7232,True
666,7233,True
667,7234,True
668,7235,False
669,7236,False
670,7237,False
671,7238,False
672,7239,False
673,7240,True
674,7241,True
675,7242,True
676,7243,True
677,7244,True
678,7245,True
679,7246,True
680,7247,True
681,7248,True
682,7249,True
683,7250,True
684,7251,True
685,7252,True
686,7253,True
687,7254,True
688,7255,True
689,7256,False
690,7257,False
691,7258,False
692,7259,False
693,7260,False
694,7261,False
695,7262,False
696,7263,False
697,7264,False
698,7265,False
699,7266,False
700,7267,False
701,7268,False
702,7269,True
703,7270,True
704,7271,True
705,7272,True
706,7273,True
707,7274,True
708,7275,True
709,7276,True
710,7277,True
711,7278,True
712,7279,True
713,7280,True
714,7281,True
715,7282,True
